{
    "accel_to_decel_enable": "0",
    "bridge_acceleration": "2000",
    "bridge_speed": "100",
    "default_acceleration": "2000",
    "enable_overhang_speed": "0",
    "exclude_object": "0",
    "extra_perimeters_on_overhangs": "1",
    "filename_format": "{input_filename_base}_{filament_type[initial_tool]}_{print_time}.gcode",
    "from": "User",
    "infill_combination": "1",
    "infill_jerk": "4",
    "inherits": "0.20mm Standard @MyKlipper",
    "initial_layer_acceleration": "2000",
    "initial_layer_infill_speed": "50",
    "initial_layer_jerk": "4",
    "initial_layer_line_width": "0.6",
    "initial_layer_print_height": "0.24",
    "inner_wall_acceleration": "2000",
    "inner_wall_jerk": "4",
    "inner_wall_line_width": "0.6",
    "inner_wall_speed": "100",
    "internal_bridge_speed": "100",
    "internal_solid_infill_acceleration": "2000",
    "internal_solid_infill_line_width": "0.6",
    "internal_solid_infill_speed": "100",
    "is_custom_defined": "0",
    "layer_height": "0.28",
    "line_width": "0.6",
    "max_travel_detour_distance": "300",
    "min_skirt_length": "20",
    "min_width_top_surface": "0",
    "name": "My 0.28mm",
    "notes": "Works reliably ok, but not perfect. WIP",
    "only_one_wall_first_layer": "1",
    "only_one_wall_top": "1",
    "outer_wall_acceleration": "2000",
    "outer_wall_jerk": "4",
    "outer_wall_line_width": "0.6",
    "outer_wall_speed": "100",
    "print_settings_id": "My 0.28mm",
    "reduce_crossing_wall": "1",
    "seam_gap": "5%",
    "seam_slope_min_length": "10",
    "skirt_distance": "3",
    "skirt_height": "2",
    "skirt_loops": "2",
    "slow_down_layers": "2",
    "small_perimeter_speed": "100%",
    "sparse_infill_acceleration": "2000",
    "sparse_infill_line_width": "0.6",
    "sparse_infill_speed": "100",
    "staggered_inner_seams": "1",
    "support_line_width": "0.6",
    "support_on_build_plate_only": "1",
    "support_speed": "100",
    "support_type": "tree(auto)",
    "top_surface_acceleration": "2000",
    "top_surface_jerk": "4",
    "top_surface_line_width": "0.6",
    "travel_acceleration": "2000",
    "travel_jerk": "4",
    "travel_speed": "200",
    "version": "2.1.1.0",
    "wall_loops": "2",
    "wall_sequence": "inner-outer-inner wall",
    "wipe_before_external_loop": "1",
    "wipe_on_loops": "1"
}
