{
    "additional_cooling_fan_speed": [
        "60"
    ],
    "default_filament_colour": [
        "#C81515"
    ],
    "dont_slow_down_outer_wall": [
        "1"
    ],
    "fan_cooling_layer_time": [
        "60"
    ],
    "fan_max_speed": [
        "100"
    ],
    "fan_min_speed": [
        "20"
    ],
    "filament_cost": [
        "4600"
    ],
    "filament_max_volumetric_speed": [
        "20"
    ],
    "filament_settings_id": [
        "My PETG"
    ],
    "from": "User",
    "full_fan_speed_layer": [
        "3"
    ],
    "hot_plate_temp": [
        "60"
    ],
    "hot_plate_temp_initial_layer": [
        "60"
    ],
    "inherits": "My Generic PETG",
    "is_custom_defined": "0",
    "name": "My PETG",
    "nozzle_temperature": [
        "240"
    ],
    "nozzle_temperature_initial_layer": [
        "240"
    ],
    "nozzle_temperature_range_low": [
        "240"
    ],
    "overhang_fan_speed": [
        "100"
    ],
    "overhang_fan_threshold": [
        "0%"
    ],
    "pressure_advance": [
        "0"
    ],
    "slow_down_layer_time": [
        "20"
    ],
    "slow_down_min_speed": [
        "50"
    ],
    "version": "2.1.1.0"
}
