{
    "auxiliary_fan": "1",
    "deretraction_speed": [
        "50"
    ],
    "from": "User",
    "inherits": "MyKlipper 0.4 nozzle",
    "is_custom_defined": "0",
    "machine_max_acceleration_extruding": [
        "5000",
        "20000"
    ],
    "machine_max_acceleration_x": [
        "5000",
        "20000"
    ],
    "machine_max_acceleration_y": [
        "5000",
        "20000"
    ],
    "machine_max_jerk_e": [
        "2",
        "2.5"
    ],
    "machine_max_jerk_x": [
        "8",
        "9"
    ],
    "machine_max_jerk_y": [
        "8",
        "9"
    ],
    "machine_max_jerk_z": [
        "0.4",
        "0.4"
    ],
    "machine_max_speed_x": [
        "300",
        "200"
    ],
    "machine_max_speed_y": [
        "300",
        "200"
    ],
    "machine_max_speed_z": [
        "25",
        "12"
    ],
    "machine_start_gcode": "PRINT_START EXTRUDER=[nozzle_temperature_initial_layer] BED=[bed_temperature_initial_layer_single]",
    "min_layer_height": [
        "0.12"
    ],
    "name": "Ender3",
    "nozzle_type": "brass",
    "print_host": "klipper",
    "printable_area": [
        "0x0",
        "230x0",
        "230x230",
        "0x230"
    ],
    "printer_settings_id": "Ender3",
    "retraction_length": [
        "0.2"
    ],
    "retraction_speed": [
        "50"
    ],
    "version": "2.1.1.0",
    "z_hop_types": [
        "Auto Lift"
    ]
}
